{
  "format_version": "1.8.0",
  "animations": {
    "animation.ufo.beam": {
      "loop": "hold_on_last_frame",
      "animation_length": 4.0833,
      "bones": {
        "ray": {
          "scale": {
            "0.0": [
              0,
              1,
              0
            ],
            "1.5": [
              0,
              1,
              0
            ],
            "1.625": {
              "pre": [
                1,
                1,
                1
              ],
              "post": [
                1,
                1,
                1
              ],
              "lerp_mode": "catmullrom"
            },
            "1.9167": [
              0,
              1,
              0
            ]
          }
        },
        "ufo": {
          "rotation": {
            "0.0": [
              0,
              0,
              0
            ],
            "3.5": [
              0,
              720,
              0
            ]
          },
          "position": {
            "0.0": [
              -160,
              46,
              0
            ],
            "0.0417": [
              -157.44083,
              36.22786,
              10.0308
            ],
            "0.0833": [
              -153.67515,
              28.29574,
              17.03643
            ],
            "0.125": [
              -149.56352,
              21.68421,
              22.25127
            ],
            "0.1667": [
              -145.26805,
              16.08309,
              26.24983
            ],
            "0.2083": [
              -140.85567,
              11.29659,
              29.35045
            ],
            "0.25": [
              -136.36078,
              7.17259,
              31.75101
            ],
            "0.2917": [
              -131.8051,
              3.60811,
              33.58859
            ],
            "0.3333": [
              -127.20264,
              0.52307,
              34.95857
            ],
            "0.375": [
              -122.56327,
              -2.14306,
              35.9335
            ],
            "0.4167": [
              -117.89441,
              -4.43988,
              36.56531
            ],
            "0.4583": [
              -113.20183,
              -6.41097,
              36.9002
            ],
            "0.5": [
              -108.49022,
              -8.08468,
              36.97088
            ],
            "0.5417": [
              -103.76329,
              -9.4932,
              36.8083
            ],
            "0.5833": [
              -99.02426,
              -10.6584,
              36.43269
            ],
            "0.625": [
              -94.27595,
              -11.59949,
              35.86617
            ],
            "0.6667": [
              -89.52093,
              -12.33621,
              35.12593
            ],
            "0.7083": [
              -84.76155,
              -12.88246,
              34.22642
            ],
            "0.75": [
              -80,
              -13.25066,
              33.17912
            ],
            "0.7917": [
              -75.23845,
              -13.45458,
              31.99613
            ],
            "0.8333": [
              -70.47907,
              -13.50381,
              30.68785
            ],
            "0.875": [
              -65.72405,
              -13.40682,
              29.26326
            ],
            "0.9167": [
              -60.97574,
              -13.17418,
              27.72947
            ],
            "0.9583": [
              -56.23671,
              -12.811,
              26.09439
            ],
            "1.0": [
              -51.50978,
              -12.32689,
              24.36576
            ],
            "1.0417": [
              -46.79817,
              -11.72608,
              22.54832
            ],
            "1.0833": [
              -42.10559,
              -11.01607,
              20.65017
            ],
            "1.125": [
              -37.43673,
              -10.20245,
              18.67655
            ],
            "1.1667": [
              -32.79736,
              -9.29083,
              16.63415
            ],
            "1.2083": [
              -28.1949,
              -8.28723,
              14.53024
            ],
            "1.25": [
              -23.63922,
              -7.19745,
              12.37259
            ],
            "1.2917": [
              -19.14433,
              -6.0294,
              10.17174
            ],
            "1.3333": [
              -14.73195,
              -4.79252,
              7.94134
            ],
            "1.375": [
              -10.43648,
              -3.50128,
              5.70342
            ],
            "1.4167": [
              -6.32485,
              -2.18223,
              3.49852
            ],
            "1.4583": [
              -2.55917,
              -0.90054,
              1.42511
            ],
            "1.5": [
              0,
              0,
              0
            ],
            "2.0": [
              0,
              0,
              0
            ],
            "2.0417": [
              2.55917,
              -0.904,
              -0.57551
            ],
            "2.0833": [
              6.32485,
              -2.17245,
              -1.40053
            ],
            "2.125": [
              10.43648,
              -3.48534,
              -2.27731
            ],
            "2.1667": [
              14.73195,
              -4.78437,
              -3.16939
            ],
            "2.2083": [
              19.14433,
              -6.0458,
              -4.06192
            ],
            "2.25": [
              23.63922,
              -7.25672,
              -4.94688
            ],
            "2.2917": [
              28.1949,
              -8.40824,
              -5.81911
            ],
            "2.3333": [
              32.79736,
              -9.49394,
              -6.67499
            ],
            "2.375": [
              37.43673,
              -10.50824,
              -7.5114
            ],
            "2.4167": [
              42.10559,
              -11.44525,
              -8.326
            ],
            "2.4583": [
              46.79817,
              -12.3004,
              -9.11629
            ],
            "2.5": [
              51.50978,
              -13.06787,
              -9.88026
            ],
            "2.5417": [
              56.23671,
              -13.74291,
              -10.61541
            ],
            "2.5833": [
              60.97574,
              -14.31855,
              -11.31935
            ],
            "2.625": [
              65.72405,
              -14.78837,
              -11.98977
            ],
            "2.6667": [
              70.47907,
              -15.14566,
              -12.62398
            ],
            "2.7083": [
              75.23845,
              -15.38237,
              -13.21904
            ],
            "2.75": [
              80,
              -15.4895,
              -13.7717
            ],
            "2.7917": [
              84.76155,
              -15.45689,
              -14.27831
            ],
            "2.8333": [
              89.52093,
              -15.27303,
              -14.73472
            ],
            "2.875": [
              94.27595,
              -14.92405,
              -15.13622
            ],
            "2.9167": [
              99.02426,
              -14.39408,
              -15.47731
            ],
            "2.9583": [
              103.76329,
              -13.66586,
              -15.7516
            ],
            "3.0": [
              108.49022,
              -12.71829,
              -15.95156
            ],
            "3.0417": [
              113.20183,
              -11.5258,
              -16.06692
            ],
            "3.0833": [
              117.89441,
              -10.05308,
              -16.08746
            ],